ticket_id,user_id,timestamp,customer_tier,issue_category,priority_level,ai_confidence_score,ai_correct_response,routing_decision,routing_correct,response_time_seconds,escalation_required,escalated_to_human,human_resolution_time_minutes,total_resolution_time_minutes,hallucination_flag,retry_count,failure_type,customer_rating,repeat_issue,sla_breached,estimated_cost_per_ticket
TKT-00001,USR-8270,2026-05-19 06:20:02,bronze,account_access,low,0.4949,False,escalated_to_human,True,43,True,True,81.18,81.9,False,3,low_confidence,3.7,False,False,18.57
TKT-00002,USR-1860,2026-04-18 19:32:09,bronze,refund,medium,0.6948,False,ai_handled,True,3,False,False,,23.84,False,1,none,3.4,False,False,7.14
TKT-00003,USR-6390,2026-04-11 16:37:51,bronze,shipping,medium,0.8785,True,ai_handled,False,6,False,False,,10.21,False,0,routing_failure,4.6,False,False,11.82
TKT-00004,USR-6191,2026-04-10 18:12:16,silver,refund,high,0.5878,True,ai_handled,True,7,False,False,,29.13,False,0,low_confidence,4.2,False,False,9.64
TKT-00005,USR-6734,2026-03-06 15:44:55,silver,shipping,low,0.4967,True,ai_handled,True,2,False,False,,30.49,False,1,none,4.0,False,False,7.86
TKT-00006,USR-7265,2026-03-15 09:11:32,silver,account_access,high,0.5922,True,escalated_to_human,True,39,True,True,36.25,36.9,False,1,none,4.3,False,False,34.22
TKT-00007,USR-1466,2026-03-09 09:27:08,silver,refund,critical,0.5863,True,escalated_to_human,False,45,True,True,78.75,79.5,False,2,routing_failure,3.9,False,True,21.8
TKT-00008,USR-5426,2026-04-01 00:19:15,enterprise,login,medium,0.4768,False,escalated_to_human,True,27,True,True,29.69,30.14,False,2,timeout,3.1,True,False,33.68
TKT-00009,USR-6578,2026-03-21 15:51:43,bronze,login,low,0.7842,True,ai_handled,True,6,False,False,,5.04,False,0,none,4.1,True,False,6.2
TKT-00010,USR-9322,2026-03-03 17:42:47,silver,account_access,critical,0.6769,False,escalated_to_human,True,73,True,True,38.28,39.5,False,0,none,3.5,False,False,34.75
TKT-00011,USR-2685,2026-03-17 10:58:23,gold,subscription_cancellation,medium,0.8599,True,ai_handled,True,7,False,False,,27.86,False,0,none,4.7,False,False,7.03
TKT-00012,USR-1769,2026-05-19 04:39:18,silver,technical_support,high,0.3819,False,escalated_to_human,True,60,True,False,,13.06,False,0,none,3.6,True,False,9.4
TKT-00013,USR-7949,2026-04-04 08:27:45,silver,refund,medium,0.4921,False,escalated_to_human,True,47,True,False,,15.39,False,0,none,3.7,False,False,5.83
TKT-00014,USR-3433,2026-04-15 17:01:36,gold,billing,medium,0.5931,True,escalated_to_human,True,24,True,True,80.01,80.41,False,1,low_confidence,4.1,False,False,30.72
TKT-00015,USR-6311,2026-02-19 13:38:35,enterprise,refund,critical,0.6885,True,ai_handled,False,9,False,False,,5.94,False,1,routing_failure,4.3,False,False,6.98
TKT-00016,USR-6051,2026-05-19 00:59:43,bronze,account_access,medium,0.7698,True,ai_handled,True,14,False,False,,20.74,False,1,none,4.5,False,False,5.0
TKT-00017,USR-7420,2026-05-11 10:10:39,enterprise,billing,high,0.8475,True,ai_handled,True,8,False,False,,14.47,False,0,none,4.3,False,False,5.89
TKT-00018,USR-2184,2026-03-29 15:08:10,silver,login,medium,0.8957,True,ai_handled,True,11,False,False,,11.15,True,0,hallucination,3.5,False,False,11.54
TKT-00019,USR-5555,2026-02-27 08:29:07,bronze,account_access,medium,0.686,True,ai_handled,True,2,False,False,,17.1,False,0,none,4.3,False,False,11.07
TKT-00020,USR-4385,2026-04-22 09:47:03,silver,shipping,low,0.8379,True,ai_handled,True,8,False,False,,32.51,False,0,none,4.1,False,False,6.64
TKT-00021,USR-7396,2026-04-28 22:51:55,enterprise,technical_support,high,0.4539,False,escalated_to_human,True,45,True,True,91.38,92.13,False,2,low_confidence,3.3,False,True,26.97
TKT-00022,USR-9666,2026-05-02 03:19:13,silver,billing,critical,0.6736,False,ai_handled,True,2,False,False,,12.7,False,0,none,3.3,False,False,9.26
TKT-00023,USR-3558,2026-04-14 18:02:10,bronze,billing,low,0.4832,False,escalated_to_human,False,34,True,True,32.4,32.97,False,1,routing_failure,4.0,False,False,18.01
TKT-00024,USR-8849,2026-03-26 07:10:51,silver,account_access,high,0.6581,False,ai_handled,False,12,False,False,,51.18,False,0,routing_failure,3.9,False,False,7.62
TKT-00025,USR-3047,2026-05-06 21:54:40,bronze,login,low,0.7606,True,escalated_to_human,True,59,True,True,29.09,30.08,False,2,timeout,4.1,False,False,19.49
TKT-00026,USR-3747,2026-04-20 17:28:00,bronze,account_access,high,0.8739,True,escalated_to_human,True,13,True,True,51.28,51.5,False,0,none,4.8,False,False,28.78
TKT-00027,USR-1189,2026-03-23 16:11:40,bronze,login,low,0.7225,True,ai_handled,False,2,False,False,,11.37,False,0,routing_failure,4.3,False,False,7.77
TKT-00028,USR-3734,2026-03-25 13:03:46,bronze,refund,critical,0.7117,True,escalated_to_human,True,65,True,True,10.0,11.08,False,0,none,3.7,True,False,21.55
TKT-00029,USR-4005,2026-03-07 06:05:30,bronze,technical_support,medium,0.5855,True,ai_handled,False,9,False,False,,8.21,False,2,routing_failure,4.5,False,False,8.77
TKT-00030,USR-5658,2026-02-21 21:51:32,bronze,technical_support,low,0.4818,True,escalated_to_human,True,5,True,True,49.93,50.02,False,3,timeout,4.4,False,False,19.34
TKT-00031,USR-2899,2026-04-06 17:04:11,silver,account_access,low,0.5457,True,escalated_to_human,True,39,True,True,36.81,37.46,False,0,none,4.4,False,False,28.26
TKT-00032,USR-8734,2026-04-26 11:06:42,bronze,refund,low,0.8688,True,ai_handled,True,4,False,False,,78.87,False,2,timeout,3.9,True,False,9.92
TKT-00033,USR-2267,2026-02-24 16:24:32,bronze,account_access,medium,0.5225,True,escalated_to_human,True,29,True,False,,19.78,False,3,low_confidence,4.4,False,False,9.51
TKT-00034,USR-2528,2026-03-03 13:54:40,enterprise,shipping,high,0.6039,False,escalated_to_human,True,37,True,True,111.85,112.46,False,2,timeout,3.3,False,True,23.12
TKT-00035,USR-4556,2026-04-14 09:21:43,silver,billing,high,0.7452,True,ai_handled,True,2,False,False,,9.45,False,0,none,4.1,True,False,11.66
TKT-00036,USR-4890,2026-04-12 09:11:37,gold,subscription_cancellation,high,0.8621,True,ai_handled,True,7,False,False,,9.28,False,0,none,3.8,False,False,5.16
TKT-00037,USR-9838,2026-05-09 20:18:50,bronze,billing,low,0.5868,True,escalated_to_human,True,31,True,False,,4.15,False,1,none,4.2,False,False,7.13
TKT-00038,USR-6393,2026-03-14 19:02:03,bronze,subscription_cancellation,medium,0.639,True,ai_handled,True,11,False,False,,9.99,False,1,none,4.4,True,False,11.45
TKT-00039,USR-9792,2026-03-17 00:43:08,bronze,login,medium,0.7839,True,ai_handled,False,10,False,False,,18.91,False,0,routing_failure,3.8,True,False,7.25
TKT-00040,USR-9433,2026-04-09 19:20:44,bronze,refund,low,0.608,True,escalated_to_human,True,41,True,True,37.43,38.11,False,1,none,3.8,True,False,29.26
TKT-00041,USR-8513,2026-05-14 10:23:07,bronze,login,low,0.6562,True,ai_handled,True,4,False,False,,22.85,False,0,none,4.2,False,False,8.74
TKT-00042,USR-3612,2026-04-18 02:13:50,bronze,technical_support,low,0.6819,True,ai_handled,True,2,False,False,,16.32,False,1,none,4.0,False,False,10.77
TKT-00043,USR-8041,2026-03-06 05:01:33,bronze,technical_support,medium,0.6411,True,ai_handled,True,6,False,False,,7.84,False,1,none,3.7,False,False,5.72
TKT-00044,USR-7235,2026-03-22 23:57:53,bronze,technical_support,medium,0.7467,True,ai_handled,False,12,False,False,,11.19,False,0,routing_failure,4.2,False,False,11.6
TKT-00045,USR-6486,2026-03-25 10:44:02,silver,account_access,medium,0.4872,True,escalated_to_human,True,57,True,True,46.88,47.83,False,2,low_confidence,4.3,False,False,22.2
TKT-00046,USR-8099,2026-04-13 00:14:41,bronze,account_access,high,0.5847,True,ai_handled,True,10,False,False,,18.92,False,1,none,4.0,True,False,6.27
TKT-00047,USR-1775,2026-04-27 21:52:34,silver,technical_support,high,0.5922,True,ai_handled,True,9,False,False,,12.25,False,2,low_confidence,4.3,False,False,9.98
TKT-00048,USR-9226,2026-03-21 15:46:30,silver,refund,medium,0.5797,False,escalated_to_human,True,39,True,True,31.23,31.88,False,1,low_confidence,3.8,False,False,32.99
TKT-00049,USR-4152,2026-04-03 13:17:04,gold,login,critical,0.827,True,ai_handled,True,5,False,False,,12.76,False,0,none,4.6,False,False,7.82
TKT-00050,USR-2585,2026-04-30 21:00:09,bronze,refund,low,0.8592,True,escalated_to_human,False,35,True,True,35.99,36.57,False,2,routing_failure,4.3,False,False,21.34
TKT-00051,USR-4943,2026-03-21 15:13:11,gold,subscription_cancellation,medium,0.6183,True,escalated_to_human,True,45,True,True,99.71,100.46,False,0,none,3.9,True,False,28.44
TKT-00052,USR-8555,2026-03-22 08:48:28,silver,subscription_cancellation,medium,0.7054,False,ai_handled,True,4,False,False,,41.48,False,1,none,3.7,False,False,5.89
TKT-00053,USR-4073,2026-04-15 22:32:57,bronze,billing,low,0.8538,True,ai_handled,True,14,False,False,,13.37,False,0,none,4.4,False,False,7.94
TKT-00054,USR-2021,2026-05-18 20:38:49,enterprise,account_access,high,0.8839,True,escalated_to_human,True,24,True,False,,15.47,False,0,none,4.7,False,False,8.37
TKT-00055,USR-4843,2026-03-29 19:33:17,enterprise,subscription_cancellation,critical,0.8044,True,ai_handled,True,13,False,False,,11.77,False,0,none,4.1,False,False,7.63
TKT-00056,USR-8989,2026-02-19 18:19:13,bronze,refund,low,0.7771,True,escalated_to_human,True,44,True,True,149.66,150.39,False,0,none,4.3,False,False,28.62
TKT-00057,USR-7873,2026-04-06 04:13:38,bronze,login,low,0.6476,True,escalated_to_human,True,52,True,True,24.02,24.89,False,0,none,4.1,True,False,22.8
TKT-00058,USR-6675,2026-03-21 01:31:20,gold,subscription_cancellation,high,0.7503,True,ai_handled,True,5,False,False,,4.67,False,0,none,4.1,False,False,9.8
TKT-00059,USR-1161,2026-04-08 13:59:31,gold,billing,critical,0.728,False,ai_handled,True,2,False,False,,47.76,False,0,none,3.8,False,False,8.05
TKT-00060,USR-5297,2026-05-03 18:36:41,bronze,account_access,low,0.6227,True,escalated_to_human,True,31,True,True,108.1,108.62,False,0,none,3.6,True,False,30.22
TKT-00061,USR-1995,2026-04-30 19:41:40,bronze,refund,medium,0.6227,False,ai_handled,True,12,False,False,,6.56,False,3,timeout,3.4,False,False,10.71
TKT-00062,USR-8629,2026-03-24 19:41:37,silver,subscription_cancellation,low,0.5206,False,escalated_to_human,True,18,True,True,26.76,27.06,False,3,low_confidence,3.9,False,False,30.05
TKT-00063,USR-2016,2026-02-20 19:39:24,silver,subscription_cancellation,low,0.4567,True,escalated_to_human,False,51,True,True,96.28,97.13,False,0,routing_failure,4.2,False,False,22.23
TKT-00064,USR-8869,2026-04-14 17:52:10,silver,subscription_cancellation,critical,0.4273,True,escalated_to_human,True,52,True,True,60.2,61.07,True,2,hallucination,3.0,True,True,23.52
TKT-00065,USR-7439,2026-03-16 19:03:56,silver,login,critical,0.8195,True,ai_handled,True,7,False,False,,5.8,False,0,none,4.3,False,False,9.47
TKT-00066,USR-8892,2026-02-25 03:43:51,silver,technical_support,low,0.5722,True,ai_handled,True,10,False,False,,25.86,True,1,hallucination,3.4,False,False,7.02
TKT-00067,USR-7863,2026-03-25 14:24:35,gold,technical_support,critical,0.4774,True,escalated_to_human,True,64,True,True,58.58,59.65,False,2,low_confidence,4.3,False,False,23.8
TKT-00068,USR-8916,2026-03-28 02:40:20,bronze,shipping,medium,0.7135,False,ai_handled,True,7,False,False,,16.83,False,2,timeout,3.2,True,False,10.11
TKT-00069,USR-9529,2026-03-29 22:58:04,bronze,technical_support,high,0.5816,False,ai_handled,True,15,False,False,,18.72,False,1,none,4.1,False,False,5.28
TKT-00070,USR-1878,2026-03-30 00:02:00,gold,billing,high,0.627,True,ai_handled,True,8,False,False,,51.24,False,1,none,4.0,False,False,5.66
TKT-00071,USR-5887,2026-04-14 12:37:55,enterprise,account_access,high,0.4757,True,escalated_to_human,True,30,True,True,64.47,64.97,True,0,hallucination,3.2,False,True,25.74
TKT-00072,USR-5859,2026-05-12 10:25:13,silver,refund,medium,0.8187,True,ai_handled,True,2,False,False,,8.07,False,3,timeout,4.0,False,False,6.07
TKT-00073,USR-7331,2026-05-09 08:01:40,silver,billing,high,0.6926,False,escalated_to_human,True,36,True,True,10.89,11.49,False,0,none,3.9,False,False,32.95
TKT-00074,USR-9571,2026-03-21 13:25:28,bronze,billing,low,0.6872,False,escalated_to_human,True,27,True,True,10.0,10.45,False,0,none,3.7,False,False,18.22
TKT-00075,USR-9684,2026-02-26 23:58:15,silver,account_access,low,0.7589,True,escalated_to_human,True,42,True,True,79.03,79.73,False,1,none,4.2,False,False,34.06
TKT-00076,USR-8208,2026-02-28 15:35:27,silver,shipping,medium,0.6605,True,escalated_to_human,False,76,True,True,48.91,50.18,False,1,routing_failure,4.5,False,False,26.32
TKT-00077,USR-6276,2026-05-14 19:07:14,bronze,account_access,medium,0.8078,True,ai_handled,True,3,False,False,,11.0,False,0,none,4.3,False,False,6.69
TKT-00078,USR-3062,2026-03-04 11:02:08,bronze,billing,low,0.6304,True,ai_handled,True,8,False,False,,7.48,False,2,timeout,4.4,False,False,11.55
TKT-00079,USR-1064,2026-04-18 14:36:18,silver,shipping,high,0.8477,True,ai_handled,True,10,False,False,,20.02,False,0,none,4.1,False,False,8.64
TKT-00080,USR-9006,2026-03-16 06:25:51,bronze,login,critical,0.8381,True,escalated_to_human,False,72,True,True,138.57,139.77,False,0,routing_failure,3.5,False,True,27.88
TKT-00081,USR-3568,2026-03-27 14:48:03,bronze,technical_support,low,0.3942,False,ai_handled,True,11,False,False,,3.51,False,0,low_confidence,3.8,False,False,11.11
TKT-00082,USR-6463,2026-04-05 22:46:41,bronze,shipping,medium,0.8053,True,ai_handled,True,11,False,False,,12.02,False,0,none,4.2,False,False,7.76
TKT-00083,USR-3027,2026-02-19 19:37:20,bronze,account_access,medium,0.6924,True,ai_handled,True,8,False,False,,23.88,False,0,none,4.5,False,False,7.35
TKT-00084,USR-3695,2026-04-10 19:41:26,bronze,technical_support,high,0.5545,True,ai_handled,True,9,False,False,,10.89,False,1,none,4.3,False,False,6.45
TKT-00085,USR-6258,2026-03-14 03:49:51,enterprise,account_access,medium,0.6377,True,ai_handled,True,12,False,False,,18.87,False,0,none,4.1,True,False,7.64
TKT-00086,USR-6618,2026-04-07 17:04:23,silver,refund,high,0.6888,True,ai_handled,True,2,False,False,,15.04,False,0,none,3.9,False,False,7.22
TKT-00087,USR-7736,2026-04-13 04:21:17,gold,billing,critical,0.7638,True,escalated_to_human,True,44,True,True,46.15,46.88,False,0,none,4.8,False,False,33.93
TKT-00088,USR-1391,2026-04-25 14:36:15,gold,technical_support,critical,0.6367,False,ai_handled,True,4,False,False,,10.35,False,1,none,3.8,False,False,7.03
TKT-00089,USR-6892,2026-04-09 06:09:40,silver,billing,high,0.6543,True,escalated_to_human,False,49,True,True,73.14,73.96,False,2,routing_failure,4.1,False,True,21.97
TKT-00090,USR-4561,2026-03-06 16:32:11,bronze,technical_support,medium,0.3262,True,escalated_to_human,True,66,True,True,202.04,203.14,False,0,low_confidence,4.1,False,False,22.48
TKT-00091,USR-7184,2026-04-22 14:49:20,silver,login,medium,0.8093,True,escalated_to_human,True,58,True,True,35.85,36.81,False,0,none,4.4,False,False,18.64
TKT-00092,USR-4099,2026-02-26 19:38:30,silver,subscription_cancellation,high,0.8013,False,ai_handled,True,2,False,False,,12.33,False,0,none,3.5,False,False,7.85
TKT-00093,USR-7278,2026-04-03 07:13:16,gold,technical_support,high,0.8951,True,ai_handled,True,6,False,False,,11.21,False,0,none,4.4,False,False,11.56
TKT-00094,USR-9392,2026-05-10 21:41:42,silver,subscription_cancellation,low,0.8506,True,ai_handled,False,11,False,False,,9.45,False,1,routing_failure,3.9,True,False,7.64
TKT-00095,USR-4104,2026-03-22 15:31:36,bronze,shipping,critical,0.5411,True,escalated_to_human,True,55,True,True,126.14,127.05,False,1,low_confidence,3.9,False,True,19.96
TKT-00096,USR-8215,2026-05-07 14:47:04,bronze,technical_support,medium,0.5618,False,ai_handled,True,9,False,False,,22.83,False,0,none,4.0,False,False,6.79
TKT-00097,USR-3454,2026-03-29 13:31:09,silver,shipping,high,0.9493,True,ai_handled,True,6,False,False,,9.96,False,0,none,4.0,False,False,5.89
TKT-00098,USR-9996,2026-03-01 09:32:00,silver,login,low,0.8248,True,ai_handled,True,2,False,False,,5.45,False,0,none,4.1,False,False,5.41
TKT-00099,USR-3731,2026-04-15 21:24:00,silver,account_access,high,0.6927,False,ai_handled,True,10,False,False,,19.03,False,1,none,3.6,True,False,7.14
TKT-00100,USR-9154,2026-04-26 21:59:25,silver,technical_support,medium,0.685,True,escalated_to_human,True,21,True,True,40.03,40.38,False,3,low_confidence,4.8,False,False,18.36
TKT-00101,USR-6056,2026-03-14 05:40:35,enterprise,subscription_cancellation,high,0.6129,False,escalated_to_human,True,50,True,True,28.53,29.36,False,0,none,3.8,False,False,21.79
TKT-00102,USR-9110,2026-03-05 04:43:27,silver,technical_support,low,0.6217,False,ai_handled,True,10,False,False,,31.96,False,0,none,3.6,True,False,10.33
TKT-00103,USR-4840,2026-04-07 00:52:40,bronze,shipping,medium,0.7224,True,escalated_to_human,True,17,True,True,24.55,24.83,False,1,none,4.3,False,False,19.76
TKT-00104,USR-2028,2026-05-14 00:31:17,bronze,shipping,critical,0.7478,False,ai_handled,False,5,False,False,,14.49,False,2,routing_failure,4.3,False,False,8.9
TKT-00105,USR-8385,2026-03-28 18:55:08,bronze,technical_support,low,0.6743,True,ai_handled,True,7,False,False,,6.01,False,0,none,3.9,False,False,7.66
TKT-00106,USR-1502,2026-04-09 07:28:58,bronze,refund,critical,0.5795,True,ai_handled,True,7,False,False,,10.68,True,0,hallucination,3.6,False,False,8.55
TKT-00107,USR-7910,2026-03-09 16:00:18,bronze,billing,medium,0.8303,True,escalated_to_human,True,43,True,True,62.56,63.28,False,0,none,3.9,False,False,22.31
TKT-00108,USR-7938,2026-03-17 08:05:04,bronze,shipping,high,0.7035,True,escalated_to_human,True,25,True,True,21.36,21.77,False,0,none,3.7,False,False,33.99
TKT-00109,USR-5488,2026-03-28 07:53:07,bronze,refund,high,0.7339,True,escalated_to_human,True,48,True,True,79.52,80.32,False,0,none,4.0,False,True,33.4
TKT-00110,USR-1206,2026-04-13 06:58:19,bronze,refund,medium,0.5179,True,escalated_to_human,True,33,True,True,22.79,23.34,True,0,hallucination,3.3,True,False,27.64
TKT-00111,USR-6134,2026-05-05 01:47:40,enterprise,refund,high,0.7936,True,ai_handled,True,8,False,False,,12.49,False,0,none,4.2,False,False,11.1
TKT-00112,USR-6977,2026-04-13 22:34:16,bronze,billing,high,0.8525,True,escalated_to_human,True,62,True,True,96.94,97.97,False,0,none,3.6,True,True,24.48
TKT-00113,USR-8721,2026-05-01 14:00:50,silver,billing,medium,0.578,True,ai_handled,True,5,False,False,,14.89,False,2,low_confidence,5.0,False,False,5.68
TKT-00114,USR-8035,2026-05-01 17:28:43,silver,subscription_cancellation,medium,0.5446,True,escalated_to_human,False,45,True,True,53.3,54.05,False,0,routing_failure,4.2,False,False,30.37
TKT-00115,USR-2484,2026-04-29 01:48:56,enterprise,shipping,high,0.7806,True,escalated_to_human,True,48,True,True,38.02,38.82,False,0,none,4.4,False,False,25.68
TKT-00116,USR-8858,2026-04-07 10:28:22,bronze,shipping,high,0.91,True,ai_handled,True,2,False,False,,13.22,False,0,none,4.1,False,False,8.86
TKT-00117,USR-1863,2026-05-15 15:19:55,silver,account_access,high,0.4615,False,escalated_to_human,True,48,True,True,125.18,125.98,False,0,none,3.5,False,True,34.05
TKT-00118,USR-3790,2026-04-01 21:59:41,enterprise,refund,critical,0.5562,False,escalated_to_human,True,58,True,True,27.39,28.36,False,3,timeout,3.4,True,False,23.71
TKT-00119,USR-8408,2026-04-09 03:30:38,gold,subscription_cancellation,high,0.6364,False,escalated_to_human,True,40,True,True,21.63,22.3,False,0,none,3.7,False,False,27.53
TKT-00120,USR-9755,2026-04-29 00:25:35,gold,technical_support,critical,0.4269,False,ai_handled,True,3,False,False,,49.15,False,0,none,4.3,False,False,8.68
TKT-00121,USR-6116,2026-02-23 22:12:03,bronze,billing,low,0.5356,True,escalated_to_human,True,49,True,True,25.6,26.42,False,2,low_confidence,4.6,False,False,21.41
TKT-00122,USR-7019,2026-04-18 06:33:54,bronze,shipping,medium,0.5196,False,escalated_to_human,True,47,True,True,22.99,23.77,False,0,low_confidence,3.5,True,False,25.03
TKT-00123,USR-2757,2026-04-01 15:57:45,gold,technical_support,low,0.6384,True,ai_handled,True,9,False,False,,12.82,False,2,low_confidence,3.7,False,False,10.58
TKT-00124,USR-8574,2026-04-08 14:36:30,enterprise,subscription_cancellation,high,0.7474,True,escalated_to_human,True,49,True,True,31.88,32.7,False,0,none,4.2,False,False,32.9
TKT-00125,USR-7374,2026-04-22 07:04:47,silver,login,medium,0.5461,False,escalated_to_human,False,32,True,True,42.19,42.72,False,1,routing_failure,4.5,False,False,20.69
TKT-00126,USR-7892,2026-04-18 15:40:36,silver,account_access,medium,0.8394,True,ai_handled,True,13,False,False,,7.98,False,0,none,4.2,False,False,8.84
TKT-00127,USR-2678,2026-03-03 00:44:18,bronze,billing,medium,0.8854,True,ai_handled,True,10,False,False,,5.28,False,0,none,4.6,False,False,9.92
TKT-00128,USR-4242,2026-04-03 16:00:11,gold,subscription_cancellation,medium,0.5949,False,escalated_to_human,True,29,True,True,64.64,65.12,False,2,low_confidence,3.9,True,False,29.76
TKT-00129,USR-5636,2026-03-17 19:42:16,bronze,refund,medium,0.8517,True,ai_handled,True,13,False,False,,11.37,False,1,none,4.4,False,False,9.4
TKT-00130,USR-2059,2026-04-08 03:40:35,bronze,subscription_cancellation,low,0.6198,False,ai_handled,True,14,False,False,,9.9,False,0,none,3.3,True,False,6.07
TKT-00131,USR-7668,2026-03-22 23:40:42,silver,account_access,medium,0.6735,True,ai_handled,True,20,False,False,,20.77,False,0,none,3.7,False,False,9.97
TKT-00132,USR-4157,2026-05-19 00:01:24,silver,account_access,low,0.5414,True,ai_handled,True,3,False,False,,6.21,False,2,timeout,4.5,False,False,9.74
TKT-00133,USR-6915,2026-03-11 22:44:51,bronze,login,low,0.99,True,ai_handled,True,8,False,False,,7.69,False,2,timeout,4.1,False,False,5.17
TKT-00134,USR-3693,2026-04-03 20:19:00,bronze,refund,medium,0.6615,True,ai_handled,True,2,False,False,,12.69,False,0,none,4.3,False,False,7.88
TKT-00135,USR-4627,2026-03-19 00:11:02,silver,billing,high,0.6677,True,escalated_to_human,True,34,True,True,22.31,22.88,False,0,none,4.0,False,False,31.95
TKT-00136,USR-6450,2026-02-21 06:56:15,bronze,refund,medium,0.6106,False,ai_handled,True,5,False,False,,16.46,False,0,none,3.7,False,False,9.69
TKT-00137,USR-2663,2026-03-18 14:54:48,silver,refund,medium,0.942,True,ai_handled,True,15,False,False,,14.14,False,2,timeout,4.3,False,False,6.51
TKT-00138,USR-6592,2026-02-28 02:44:54,bronze,technical_support,low,0.833,True,ai_handled,True,4,False,False,,12.77,False,0,none,4.4,False,False,9.14
TKT-00139,USR-8392,2026-04-27 17:20:44,silver,shipping,high,0.9294,True,ai_handled,False,2,False,False,,15.49,False,0,routing_failure,4.0,False,False,11.39
TKT-00140,USR-2306,2026-04-21 17:17:40,silver,billing,medium,0.7839,True,ai_handled,False,6,False,False,,13.75,False,1,routing_failure,4.3,True,False,10.58
TKT-00141,USR-7776,2026-03-04 21:39:53,bronze,subscription_cancellation,medium,0.6125,True,escalated_to_human,True,79,True,True,119.68,121.0,False,0,none,4.2,False,False,23.15
TKT-00142,USR-6864,2026-05-09 03:17:13,bronze,technical_support,low,0.6742,False,ai_handled,True,11,False,False,,12.52,False,0,none,3.4,False,False,11.85
TKT-00143,USR-8526,2026-04-05 15:22:14,bronze,subscription_cancellation,low,0.699,True,ai_handled,True,2,False,False,,6.4,False,0,none,4.0,True,False,5.07
TKT-00144,USR-9901,2026-05-19 00:17:17,bronze,subscription_cancellation,low,0.8837,True,escalated_to_human,False,62,True,True,43.51,44.54,False,0,routing_failure,4.3,False,False,23.03
TKT-00145,USR-6575,2026-03-25 20:02:38,enterprise,billing,high,0.8062,True,ai_handled,False,2,False,False,,9.13,False,0,routing_failure,4.3,False,False,7.89
TKT-00146,USR-6530,2026-04-18 20:09:29,bronze,shipping,medium,0.6786,True,ai_handled,True,6,False,False,,55.9,False,0,none,4.3,True,False,11.02
TKT-00147,USR-5413,2026-02-25 04:13:56,gold,technical_support,high,0.6922,True,escalated_to_human,True,50,True,True,59.55,60.38,False,0,none,3.8,False,True,24.98
TKT-00148,USR-4748,2026-03-26 03:59:30,bronze,account_access,medium,0.7387,True,ai_handled,True,9,False,False,,5.25,False,0,none,4.3,False,False,11.87
TKT-00149,USR-1663,2026-04-08 23:40:06,gold,billing,high,0.2617,True,ai_handled,True,4,False,False,,11.24,False,2,timeout,4.0,False,False,9.3
TKT-00150,USR-2998,2026-04-09 09:46:04,gold,technical_support,critical,0.6701,True,ai_handled,True,7,False,False,,16.64,False,1,none,4.2,True,False,10.55
TKT-00151,USR-8994,2026-04-24 21:40:58,silver,refund,high,0.6439,True,ai_handled,False,8,False,False,,33.25,False,0,routing_failure,4.3,False,False,5.6
TKT-00152,USR-2495,2026-03-28 10:47:38,silver,refund,critical,0.5848,False,escalated_to_human,True,45,True,True,102.41,103.16,False,0,none,3.3,False,True,21.37
TKT-00153,USR-4304,2026-03-11 13:23:23,silver,login,low,0.6488,True,ai_handled,True,2,False,False,,4.71,False,0,none,3.8,False,False,10.31
TKT-00154,USR-4763,2026-03-17 08:19:20,bronze,account_access,low,0.6324,True,ai_handled,False,10,False,False,,19.89,False,0,routing_failure,4.7,False,False,5.15
TKT-00155,USR-6232,2026-05-16 17:52:09,enterprise,login,low,0.8076,True,ai_handled,True,2,False,False,,5.32,False,0,none,4.0,False,False,10.72
TKT-00156,USR-2853,2026-04-11 00:30:49,gold,billing,high,0.4588,False,escalated_to_human,True,61,True,True,64.24,65.25,False,1,none,3.3,False,True,34.54
TKT-00157,USR-7585,2026-04-11 05:30:19,enterprise,technical_support,critical,0.5785,True,ai_handled,True,6,False,False,,10.44,False,0,low_confidence,4.4,False,False,9.6
TKT-00158,USR-2291,2026-05-11 05:50:08,bronze,refund,low,0.775,True,escalated_to_human,True,38,True,True,36.14,36.78,False,0,none,4.0,False,False,23.88
TKT-00159,USR-4581,2026-05-05 05:26:20,gold,billing,critical,0.9107,True,ai_handled,True,8,False,False,,18.42,False,0,none,3.9,False,False,9.28
TKT-00160,USR-8554,2026-03-20 08:03:49,enterprise,technical_support,medium,0.3885,False,escalated_to_human,True,46,True,True,10.0,10.77,False,1,none,3.3,False,False,18.14
TKT-00161,USR-8280,2026-02-25 02:03:50,bronze,subscription_cancellation,critical,0.6511,True,escalated_to_human,True,42,True,True,51.8,52.5,False,0,none,4.5,False,False,32.27
TKT-00162,USR-2636,2026-03-06 10:06:37,bronze,technical_support,low,0.5892,True,escalated_to_human,True,50,True,True,31.76,32.59,False,1,none,3.9,True,False,18.54
TKT-00163,USR-4696,2026-05-17 00:17:16,gold,technical_support,medium,0.7221,False,ai_handled,True,7,False,False,,13.33,False,0,none,4.5,False,False,5.49
TKT-00164,USR-1698,2026-03-15 17:23:53,silver,account_access,medium,0.6105,True,ai_handled,True,5,False,False,,12.92,False,2,low_confidence,4.1,False,False,9.12
TKT-00165,USR-5737,2026-02-27 07:30:16,gold,login,medium,0.8938,True,escalated_to_human,True,30,True,True,19.45,19.95,False,2,low_confidence,4.1,False,False,27.1
TKT-00166,USR-1854,2026-05-06 22:18:25,bronze,billing,low,0.3788,True,escalated_to_human,True,40,True,True,43.17,43.83,False,0,low_confidence,4.2,False,False,27.24
TKT-00167,USR-9164,2026-04-23 05:26:50,gold,shipping,medium,0.6121,True,ai_handled,True,5,False,False,,15.42,False,0,none,4.4,False,False,8.57
TKT-00168,USR-6855,2026-04-17 20:50:01,bronze,shipping,high,0.7884,True,ai_handled,True,7,False,False,,15.99,False,0,none,4.2,False,False,7.96
TKT-00169,USR-8392,2026-02-24 23:41:53,bronze,refund,medium,0.5166,True,escalated_to_human,True,24,True,True,54.8,55.2,False,0,none,4.2,True,False,29.0
TKT-00170,USR-7528,2026-04-23 03:56:52,bronze,account_access,low,0.4973,False,escalated_to_human,True,50,True,True,87.4,88.23,False,1,none,3.6,False,False,18.76
TKT-00171,USR-6249,2026-05-09 21:43:56,gold,login,high,0.6867,True,escalated_to_human,True,15,True,True,25.7,25.95,False,1,none,4.0,False,False,18.92
TKT-00172,USR-6172,2026-04-02 10:04:20,gold,billing,high,0.758,True,escalated_to_human,True,45,True,False,,18.87,False,1,none,3.9,False,False,11.83
TKT-00173,USR-2707,2026-03-31 01:49:25,silver,refund,medium,0.4535,False,ai_handled,False,5,False,False,,8.04,False,2,routing_failure,3.2,False,False,11.11
TKT-00174,USR-6791,2026-03-06 11:34:42,silver,account_access,medium,0.6721,True,ai_handled,True,6,False,False,,8.2,True,0,hallucination,3.5,False,False,7.31
TKT-00175,USR-6535,2026-04-21 00:12:55,enterprise,billing,medium,0.7946,False,escalated_to_human,True,32,True,True,64.28,64.81,False,0,none,3.7,False,False,19.78
TKT-00176,USR-5931,2026-04-20 20:11:27,silver,technical_support,low,0.5208,True,escalated_to_human,True,56,True,True,63.25,64.18,False,2,low_confidence,3.8,True,False,31.99
TKT-00177,USR-4510,2026-05-19 23:53:16,gold,login,high,0.7057,False,escalated_to_human,True,21,True,True,44.75,45.1,False,0,none,4.1,False,False,21.57
TKT-00178,USR-1202,2026-05-04 15:22:40,silver,login,low,0.7982,True,ai_handled,True,11,False,False,,9.54,False,1,none,4.6,False,False,5.13
TKT-00179,USR-5218,2026-05-02 06:21:09,silver,account_access,medium,0.625,False,ai_handled,True,11,False,False,,21.01,False,0,none,3.7,False,False,5.52
TKT-00180,USR-9958,2026-03-05 21:24:03,silver,technical_support,high,0.7586,False,escalated_to_human,True,35,True,False,,13.12,False,0,none,3.4,False,False,8.57
TKT-00181,USR-5389,2026-03-08 17:59:44,bronze,shipping,low,0.6277,True,escalated_to_human,True,41,True,False,,11.31,False,3,low_confidence,4.2,False,False,11.79
TKT-00182,USR-3327,2026-05-01 18:24:06,gold,account_access,high,0.6433,False,ai_handled,True,2,False,False,,10.73,False,0,none,3.7,False,False,9.85
TKT-00183,USR-9004,2026-05-10 19:58:16,silver,login,medium,0.7747,True,ai_handled,True,4,False,False,,19.07,False,3,timeout,4.1,False,False,5.5
TKT-00184,USR-3931,2026-02-23 13:35:40,bronze,refund,critical,0.6508,True,ai_handled,True,11,False,False,,14.81,False,3,low_confidence,4.1,False,False,6.33
TKT-00185,USR-8777,2026-04-30 20:09:39,enterprise,technical_support,high,0.1193,False,escalated_to_human,False,39,True,True,96.81,97.46,True,2,hallucination,2.2,True,True,26.34
TKT-00186,USR-1197,2026-03-21 06:24:35,silver,technical_support,high,0.5259,False,ai_handled,True,7,False,False,,7.31,False,1,low_confidence,3.4,True,False,10.89
TKT-00187,USR-8125,2026-04-22 14:44:21,silver,account_access,medium,0.767,True,ai_handled,True,7,False,False,,16.62,False,0,none,4.1,False,False,9.32
TKT-00188,USR-2930,2026-04-17 03:56:43,enterprise,technical_support,low,0.6667,True,ai_handled,True,5,False,False,,8.87,False,1,none,4.4,False,False,9.51
TKT-00189,USR-7287,2026-05-03 01:08:46,silver,technical_support,medium,0.6032,True,ai_handled,True,8,False,False,,7.23,False,0,none,4.4,False,False,5.2
TKT-00190,USR-9800,2026-04-19 13:33:06,bronze,account_access,critical,0.5073,False,ai_handled,True,11,False,False,,12.1,False,1,none,3.3,True,False,10.8
TKT-00191,USR-5282,2026-05-17 07:20:28,enterprise,technical_support,high,0.6093,False,ai_handled,True,2,False,False,,13.23,False,0,none,4.1,False,False,10.52
TKT-00192,USR-3511,2026-04-11 10:09:47,silver,account_access,high,0.5755,True,escalated_to_human,True,44,True,True,109.58,110.31,False,1,none,3.7,False,True,21.76
TKT-00193,USR-1659,2026-05-17 16:05:09,bronze,account_access,high,0.696,True,ai_handled,True,11,False,False,,10.91,False,0,none,3.9,False,False,9.96
TKT-00194,USR-3811,2026-02-19 07:26:30,bronze,account_access,low,0.6658,True,ai_handled,True,6,False,False,,6.18,False,0,none,4.4,False,False,6.5
TKT-00195,USR-8098,2026-03-10 13:55:38,gold,technical_support,medium,0.4035,True,escalated_to_human,True,48,True,True,18.38,19.18,False,1,low_confidence,4.1,False,False,18.75
TKT-00196,USR-7546,2026-03-24 16:01:13,silver,billing,medium,0.5251,True,escalated_to_human,False,48,True,True,71.39,72.19,False,2,routing_failure,4.4,False,False,34.87
TKT-00197,USR-2986,2026-02-24 04:32:25,silver,technical_support,medium,0.6033,True,ai_handled,True,7,False,False,,11.53,False,0,none,3.4,True,False,6.25
TKT-00198,USR-9338,2026-02-27 16:04:34,enterprise,technical_support,critical,0.5168,True,escalated_to_human,True,38,True,True,58.5,59.13,False,3,low_confidence,4.6,False,False,31.53
TKT-00199,USR-3911,2026-04-02 15:45:01,gold,billing,critical,0.5324,False,escalated_to_human,True,51,True,True,22.28,23.13,False,1,low_confidence,4.0,False,False,24.71
TKT-00200,USR-2734,2026-03-12 18:04:50,bronze,technical_support,low,0.4116,False,escalated_to_human,True,53,True,True,53.23,54.12,False,2,timeout,3.4,False,False,26.37
TKT-00201,USR-2843,2026-05-15 22:50:20,bronze,billing,low,0.6075,True,ai_handled,True,9,False,False,,9.01,False,0,none,3.9,False,False,8.34
TKT-00202,USR-9680,2026-05-08 22:34:52,bronze,shipping,high,0.9225,True,escalated_to_human,True,32,True,True,37.45,37.99,False,1,none,4.7,False,False,25.02
TKT-00203,USR-3976,2026-04-04 23:57:37,gold,technical_support,medium,0.4711,True,escalated_to_human,True,47,True,True,91.89,92.67,False,0,none,4.1,False,False,27.14
TKT-00204,USR-2959,2026-04-17 16:34:05,bronze,billing,high,0.648,True,escalated_to_human,True,50,True,False,,6.19,False,1,none,3.8,True,False,9.24
TKT-00205,USR-6759,2026-05-10 07:41:45,silver,technical_support,medium,0.5652,False,escalated_to_human,True,45,True,True,45.18,45.93,False,0,none,3.2,False,False,18.04
TKT-00206,USR-7694,2026-03-27 18:14:43,gold,technical_support,high,0.3803,False,escalated_to_human,True,13,True,True,22.59,22.81,False,2,low_confidence,3.7,False,False,22.16
TKT-00207,USR-3385,2026-05-11 01:09:47,enterprise,login,medium,0.5385,True,escalated_to_human,False,47,True,True,70.24,71.02,False,3,routing_failure,4.2,False,False,29.57
TKT-00208,USR-5736,2026-05-08 00:54:31,bronze,billing,medium,0.5063,False,ai_handled,True,7,False,False,,6.71,False,0,none,4.0,False,False,10.23
TKT-00209,USR-2802,2026-03-07 20:08:28,gold,refund,high,0.7321,False,escalated_to_human,True,39,True,True,10.0,10.65,False,0,none,3.5,False,False,19.93
TKT-00210,USR-9155,2026-03-17 02:01:34,bronze,account_access,medium,0.6614,True,ai_handled,True,9,False,False,,35.9,False,1,none,3.9,False,False,8.46
TKT-00211,USR-9120,2026-03-29 09:59:04,gold,subscription_cancellation,medium,0.7983,True,ai_handled,True,4,False,False,,5.58,False,0,none,4.4,False,False,5.92
TKT-00212,USR-7616,2026-02-22 12:44:22,bronze,account_access,medium,0.6626,True,ai_handled,True,9,False,False,,4.01,False,1,none,4.6,False,False,9.87
TKT-00213,USR-6534,2026-04-27 04:54:26,silver,refund,high,0.6858,True,ai_handled,True,4,False,False,,11.3,False,0,none,3.9,False,False,6.44
TKT-00214,USR-5061,2026-04-26 11:43:08,gold,account_access,medium,0.5715,True,escalated_to_human,True,26,True,True,10.0,10.43,False,0,none,4.3,True,False,19.35
TKT-00215,USR-1262,2026-04-18 13:49:15,bronze,login,low,0.8562,True,ai_handled,True,8,False,False,,13.89,False,3,low_confidence,4.3,False,False,5.46
TKT-00216,USR-7287,2026-04-21 09:28:29,bronze,technical_support,low,0.4121,False,escalated_to_human,True,53,True,True,54.82,55.71,True,1,hallucination,3.4,False,False,22.43
TKT-00217,USR-9815,2026-05-18 18:03:36,gold,billing,high,0.4945,False,escalated_to_human,True,42,True,True,13.69,14.39,False,2,low_confidence,3.8,False,False,32.51
TKT-00218,USR-3049,2026-04-17 06:51:39,gold,technical_support,high,0.6351,True,ai_handled,True,12,False,False,,15.19,False,0,none,3.7,False,False,11.32
TKT-00219,USR-6423,2026-03-18 15:08:32,silver,login,medium,0.59,False,ai_handled,True,10,False,False,,22.74,True,1,hallucination,3.1,False,False,11.05
TKT-00220,USR-5548,2026-04-02 18:06:16,gold,subscription_cancellation,medium,0.99,True,ai_handled,True,5,False,False,,3.77,False,0,none,4.6,False,False,8.25
TKT-00221,USR-4108,2026-04-30 04:08:23,silver,shipping,medium,0.7588,True,ai_handled,True,2,False,False,,9.76,False,0,none,4.1,False,False,10.21
TKT-00222,USR-8158,2026-04-11 00:30:24,bronze,account_access,medium,0.6952,True,ai_handled,True,7,False,False,,13.85,False,1,none,4.2,False,False,9.34
TKT-00223,USR-8400,2026-04-06 16:58:13,bronze,subscription_cancellation,medium,0.5868,False,escalated_to_human,True,44,True,True,10.35,11.08,False,1,low_confidence,3.5,True,False,28.14
TKT-00224,USR-4170,2026-03-30 05:15:32,bronze,billing,critical,0.6059,True,ai_handled,True,8,False,False,,34.42,False,0,none,3.6,False,False,8.02
TKT-00225,USR-3255,2026-03-07 11:59:01,enterprise,subscription_cancellation,medium,0.6403,False,escalated_to_human,True,46,True,True,37.12,37.88,False,0,none,4.2,False,False,22.46
TKT-00226,USR-2154,2026-04-26 00:22:17,silver,account_access,high,0.5796,True,escalated_to_human,True,42,True,True,33.79,34.49,False,2,low_confidence,3.8,True,False,20.07
TKT-00227,USR-5499,2026-03-12 15:50:03,silver,billing,medium,0.7386,False,escalated_to_human,True,62,True,True,41.25,42.29,False,0,none,3.9,False,False,26.67
TKT-00228,USR-7295,2026-04-26 12:29:32,silver,refund,medium,0.6416,True,escalated_to_human,True,43,True,True,53.78,54.5,False,1,none,4.3,False,False,27.95
TKT-00229,USR-7197,2026-04-16 02:44:47,enterprise,account_access,high,0.7823,False,ai_handled,True,10,False,False,,4.02,False,0,none,4.1,False,False,8.24
TKT-00230,USR-2648,2026-04-25 11:53:16,bronze,billing,medium,0.99,True,ai_handled,False,5,False,False,,9.42,False,0,routing_failure,4.4,False,False,10.5
TKT-00231,USR-6539,2026-02-28 12:04:12,silver,login,critical,0.7145,True,escalated_to_human,False,47,True,True,62.82,63.61,False,1,routing_failure,3.8,False,True,24.18
TKT-00232,USR-5199,2026-03-11 21:59:10,silver,shipping,low,0.7668,True,escalated_to_human,True,63,True,True,11.42,12.47,False,0,none,4.1,False,False,28.9
TKT-00233,USR-9445,2026-03-16 18:08:20,silver,account_access,low,0.6993,False,ai_handled,True,13,False,False,,7.33,False,0,none,4.0,False,False,6.26
TKT-00234,USR-3557,2026-03-12 11:26:07,bronze,billing,medium,0.9036,True,ai_handled,True,7,False,False,,21.23,False,0,none,3.8,False,False,8.27
TKT-00235,USR-6592,2026-03-08 18:20:37,enterprise,technical_support,high,0.5376,False,escalated_to_human,True,82,True,True,63.75,65.11,False,1,low_confidence,3.6,False,True,24.48
TKT-00236,USR-1098,2026-03-31 12:34:28,enterprise,subscription_cancellation,medium,0.5839,True,ai_handled,False,8,False,False,,8.97,True,2,hallucination,3.3,False,False,10.27
TKT-00237,USR-3200,2026-03-29 15:20:42,silver,subscription_cancellation,low,0.5227,True,ai_handled,True,12,False,False,,13.33,True,0,hallucination,3.9,False,False,10.68
TKT-00238,USR-3961,2026-04-17 00:23:23,gold,technical_support,low,0.5413,True,escalated_to_human,True,42,True,True,27.23,27.93,False,2,low_confidence,4.3,False,False,30.39
TKT-00239,USR-5973,2026-05-06 02:28:52,enterprise,billing,critical,0.5872,True,escalated_to_human,False,53,True,True,37.19,38.07,False,0,routing_failure,4.5,False,False,33.84
TKT-00240,USR-5433,2026-04-11 13:14:11,gold,technical_support,medium,0.8515,True,ai_handled,True,13,False,False,,20.01,False,0,none,4.0,True,False,9.53
TKT-00241,USR-3869,2026-04-15 16:05:54,bronze,billing,low,0.8978,True,ai_handled,True,7,False,False,,24.43,False,2,timeout,3.9,False,False,10.81
TKT-00242,USR-1956,2026-02-23 21:39:30,silver,billing,low,0.5052,False,escalated_to_human,False,60,True,True,70.57,71.57,False,0,routing_failure,3.6,False,False,19.08
TKT-00243,USR-9352,2026-03-18 11:12:19,silver,shipping,medium,0.6718,True,ai_handled,True,12,False,False,,6.58,False,0,none,4.5,False,False,10.97
TKT-00244,USR-6699,2026-04-20 10:30:16,silver,login,low,0.7589,True,ai_handled,True,3,False,False,,12.65,False,0,none,4.0,True,False,8.84
TKT-00245,USR-7944,2026-05-10 04:56:49,gold,technical_support,high,0.7596,False,escalated_to_human,True,36,True,True,75.91,76.51,False,0,none,3.7,False,True,33.19
TKT-00246,USR-5493,2026-02-28 22:22:38,enterprise,account_access,medium,0.6574,False,ai_handled,True,5,False,False,,6.38,False,0,none,3.9,False,False,7.22
TKT-00247,USR-5911,2026-03-15 11:26:32,enterprise,login,critical,0.6723,True,escalated_to_human,True,58,True,True,70.92,71.89,False,0,none,3.7,False,True,29.38
TKT-00248,USR-4987,2026-02-19 14:35:28,silver,refund,low,0.6923,False,escalated_to_human,True,41,True,True,25.46,26.15,False,0,none,3.6,False,False,32.14
TKT-00249,USR-7015,2026-03-12 16:23:41,bronze,subscription_cancellation,medium,0.612,False,ai_handled,False,2,False,False,,15.12,False,0,routing_failure,3.8,False,False,5.36
TKT-00250,USR-2218,2026-05-05 19:37:50,enterprise,shipping,critical,0.8163,True,escalated_to_human,True,66,True,True,37.58,38.68,False,0,none,3.7,False,False,18.66
TKT-00251,USR-5496,2026-04-30 09:25:50,gold,login,high,0.6649,False,ai_handled,True,13,False,False,,14.51,False,0,none,4.2,False,False,10.69
TKT-00252,USR-5735,2026-05-14 01:08:16,bronze,billing,medium,0.5785,True,escalated_to_human,True,32,True,True,24.24,24.77,False,0,low_confidence,4.1,True,False,23.35
TKT-00253,USR-5555,2026-03-21 01:44:20,enterprise,technical_support,high,0.7243,True,escalated_to_human,True,42,True,True,69.36,70.06,False,1,none,4.2,False,True,20.19
TKT-00254,USR-9050,2026-05-10 03:51:17,gold,account_access,medium,0.5501,False,ai_handled,True,8,False,False,,5.93,False,3,timeout,3.4,False,False,8.17
TKT-00255,USR-4446,2026-03-07 09:37:57,silver,refund,high,0.512,True,escalated_to_human,True,37,True,True,40.01,40.63,False,0,none,4.6,False,False,28.17
TKT-00256,USR-2045,2026-04-29 01:31:46,silver,billing,critical,0.6633,False,escalated_to_human,True,65,True,True,39.3,40.39,False,2,timeout,4.4,False,False,18.53
TKT-00257,USR-7893,2026-03-29 03:31:27,silver,account_access,high,0.6031,False,escalated_to_human,True,51,True,True,24.73,25.58,False,0,none,3.5,False,False,22.67
TKT-00258,USR-2693,2026-03-29 09:43:50,bronze,account_access,medium,0.7165,True,escalated_to_human,True,45,True,True,44.26,45.01,True,0,hallucination,3.8,False,False,18.56
TKT-00259,USR-4436,2026-03-17 01:45:28,bronze,refund,medium,0.7413,False,escalated_to_human,True,23,True,True,42.78,43.17,False,0,none,3.8,False,False,25.15
TKT-00260,USR-9754,2026-04-19 05:55:22,gold,subscription_cancellation,high,0.6955,True,ai_handled,True,4,False,False,,6.4,False,0,none,3.9,False,False,5.79
TKT-00261,USR-6895,2026-05-12 19:59:07,bronze,billing,low,0.6415,True,ai_handled,True,14,False,False,,9.42,False,0,none,4.1,True,False,6.09
TKT-00262,USR-4354,2026-05-13 01:45:45,bronze,login,medium,0.6617,True,escalated_to_human,True,13,True,True,78.15,78.36,False,0,none,4.5,False,False,28.83
TKT-00263,USR-1225,2026-04-19 06:59:43,silver,subscription_cancellation,critical,0.7117,False,ai_handled,True,14,False,False,,17.46,False,0,none,3.3,True,False,7.78
TKT-00264,USR-5893,2026-04-20 19:25:03,silver,shipping,low,0.8469,True,ai_handled,True,6,False,False,,21.64,False,2,timeout,4.6,False,False,10.2
TKT-00265,USR-8022,2026-05-09 03:13:11,enterprise,account_access,high,0.5235,True,ai_handled,True,7,False,False,,36.04,True,1,hallucination,2.9,True,False,9.07
TKT-00266,USR-6600,2026-03-19 18:19:55,bronze,shipping,low,0.7494,True,ai_handled,True,2,False,False,,16.51,False,0,none,3.9,False,False,7.72
TKT-00267,USR-8996,2026-04-23 23:49:43,bronze,refund,medium,0.835,True,ai_handled,True,6,False,False,,6.46,False,1,none,4.3,False,False,6.2
TKT-00268,USR-8683,2026-04-09 07:28:27,gold,subscription_cancellation,low,0.7708,True,escalated_to_human,True,43,True,True,68.98,69.7,False,0,none,4.3,False,False,30.88
TKT-00269,USR-5642,2026-05-13 07:10:44,silver,shipping,medium,0.894,True,ai_handled,True,5,False,False,,14.65,False,0,none,4.1,False,False,9.03
TKT-00270,USR-8679,2026-02-20 20:39:35,bronze,technical_support,high,0.4648,True,ai_handled,True,7,False,False,,42.14,False,1,none,4.2,True,False,7.96
TKT-00271,USR-9208,2026-05-15 01:29:29,silver,refund,medium,0.462,True,escalated_to_human,True,20,True,True,32.2,32.54,False,3,low_confidence,4.4,False,False,21.41
TKT-00272,USR-8339,2026-03-21 21:04:27,bronze,refund,medium,0.7261,False,ai_handled,True,8,False,False,,25.07,False,1,none,4.0,False,False,6.19
TKT-00273,USR-3205,2026-03-09 02:14:59,bronze,billing,high,0.7008,True,ai_handled,True,9,False,False,,13.57,False,1,none,4.3,False,False,9.64
TKT-00274,USR-2069,2026-03-31 03:43:21,silver,account_access,critical,0.8279,True,ai_handled,True,3,False,False,,20.14,False,1,none,4.5,False,False,10.97
TKT-00275,USR-4444,2026-05-07 00:47:03,silver,shipping,low,0.8807,False,ai_handled,True,4,False,False,,11.46,False,2,timeout,3.7,False,False,6.81
TKT-00276,USR-2060,2026-05-18 23:14:01,enterprise,technical_support,high,0.6305,True,ai_handled,True,15,False,False,,7.35,False,0,none,4.8,False,False,8.44
TKT-00277,USR-3327,2026-04-03 16:50:03,silver,login,low,0.8418,False,ai_handled,True,5,False,False,,19.12,False,0,none,3.6,False,False,11.83
TKT-00278,USR-4420,2026-05-10 18:32:17,silver,subscription_cancellation,critical,0.6731,True,ai_handled,True,14,False,False,,18.04,False,0,none,4.8,False,False,7.33
TKT-00279,USR-1301,2026-03-06 13:20:27,silver,refund,critical,0.5415,False,escalated_to_human,True,57,True,True,101.14,102.09,False,0,low_confidence,3.4,False,True,31.47
TKT-00280,USR-1606,2026-05-07 16:27:07,bronze,technical_support,medium,0.5677,True,escalated_to_human,True,32,True,True,64.82,65.36,False,1,none,4.0,False,False,32.26
TKT-00281,USR-4170,2026-04-08 05:21:40,gold,technical_support,critical,0.6974,True,ai_handled,True,12,False,False,,8.5,False,0,none,4.6,False,False,9.24
TKT-00282,USR-1699,2026-05-16 10:10:48,bronze,technical_support,medium,0.6485,False,ai_handled,False,13,False,False,,4.78,False,0,routing_failure,3.5,True,False,5.63
TKT-00283,USR-6088,2026-02-28 03:47:47,enterprise,technical_support,high,0.6751,False,escalated_to_human,True,56,True,True,30.17,31.1,False,0,none,4.0,False,False,22.66
TKT-00284,USR-1190,2026-02-24 18:12:42,bronze,technical_support,low,0.4858,False,ai_handled,False,6,False,False,,15.71,False,2,routing_failure,4.1,False,False,10.01
TKT-00285,USR-1980,2026-04-04 13:04:53,silver,account_access,high,0.6155,True,ai_handled,True,7,False,False,,6.82,False,0,none,4.4,False,False,10.52
TKT-00286,USR-3975,2026-04-12 23:43:58,bronze,billing,low,0.7177,False,ai_handled,True,9,False,False,,8.82,False,1,none,3.4,True,False,9.93
TKT-00287,USR-7102,2026-04-06 17:36:16,enterprise,billing,critical,0.5735,False,escalated_to_human,True,39,True,True,64.83,65.48,False,1,low_confidence,3.3,True,True,21.56
TKT-00288,USR-2184,2026-03-14 04:42:48,silver,subscription_cancellation,high,0.6278,False,escalated_to_human,False,24,True,True,49.61,50.01,False,0,routing_failure,3.8,False,False,25.74
TKT-00289,USR-4327,2026-04-06 10:08:32,silver,account_access,high,0.6887,False,ai_handled,True,10,False,False,,7.46,False,0,none,4.0,False,False,11.01
TKT-00290,USR-4394,2026-04-12 05:15:32,bronze,technical_support,low,0.6641,False,escalated_to_human,True,52,True,True,230.57,231.44,False,0,none,3.0,True,False,19.78
TKT-00291,USR-9319,2026-04-24 09:01:07,gold,login,medium,0.7261,True,ai_handled,True,9,False,False,,9.51,False,1,none,4.4,False,False,8.49
TKT-00292,USR-2816,2026-04-20 14:46:36,bronze,billing,low,0.4872,True,ai_handled,True,9,False,False,,7.82,True,3,hallucination,3.4,False,False,11.52
TKT-00293,USR-6854,2026-04-16 13:00:11,enterprise,billing,high,0.547,True,escalated_to_human,True,30,True,True,48.98,49.48,False,1,none,4.7,False,False,19.63
TKT-00294,USR-7709,2026-04-30 21:45:19,bronze,account_access,low,0.6765,True,ai_handled,True,2,False,False,,41.0,False,0,none,4.2,True,False,8.77
TKT-00295,USR-1569,2026-03-16 05:33:16,bronze,login,critical,0.773,True,ai_handled,True,9,False,False,,25.83,False,0,none,4.4,False,False,8.18
TKT-00296,USR-6442,2026-03-09 12:33:16,bronze,refund,medium,0.7314,True,ai_handled,True,7,False,False,,7.63,False,1,none,4.4,False,False,6.47
TKT-00297,USR-2895,2026-03-29 07:45:49,silver,login,medium,0.8126,True,ai_handled,True,5,False,False,,14.35,False,1,none,3.8,True,False,5.03
TKT-00298,USR-3733,2026-02-20 10:00:02,silver,billing,medium,0.6508,True,ai_handled,True,8,False,False,,15.65,False,0,none,4.7,False,False,6.69
TKT-00299,USR-4863,2026-03-04 12:03:08,bronze,login,medium,0.7818,True,ai_handled,True,7,False,False,,24.89,False,0,none,4.8,False,False,8.57
TKT-00300,USR-8455,2026-04-13 14:56:05,gold,refund,high,0.6941,False,ai_handled,False,12,False,False,,7.45,False,1,routing_failure,3.9,False,False,7.66
TKT-00301,USR-5014,2026-03-19 21:21:21,silver,technical_support,medium,0.7223,False,ai_handled,True,8,False,False,,23.46,False,0,none,4.2,False,False,8.14
TKT-00302,USR-2686,2026-03-21 23:46:58,silver,shipping,critical,0.9076,True,ai_handled,True,5,False,False,,8.77,False,0,none,3.9,True,False,11.86
TKT-00303,USR-4009,2026-04-15 04:26:39,silver,login,medium,0.6073,False,ai_handled,True,11,False,False,,5.47,False,0,none,3.3,True,False,7.45
TKT-00304,USR-8806,2026-04-13 21:51:00,silver,billing,critical,0.6143,True,ai_handled,True,7,False,False,,18.81,False,0,none,4.3,False,False,8.17
TKT-00305,USR-1154,2026-02-25 15:47:58,silver,billing,high,0.6546,True,ai_handled,True,10,False,False,,26.43,False,1,none,4.4,False,False,5.93
TKT-00306,USR-2409,2026-04-20 00:58:00,bronze,shipping,low,0.7206,True,escalated_to_human,True,75,True,True,115.83,117.08,False,2,low_confidence,4.2,False,False,31.13
TKT-00307,USR-1784,2026-03-04 15:14:09,bronze,login,critical,0.9652,True,ai_handled,True,5,False,False,,5.93,False,0,none,4.4,False,False,10.43
TKT-00308,USR-9096,2026-03-26 15:36:41,gold,account_access,medium,0.6791,False,escalated_to_human,True,44,True,True,52.62,53.35,False,0,none,3.9,False,False,28.5
TKT-00309,USR-8560,2026-04-14 01:51:51,enterprise,refund,critical,0.5953,False,escalated_to_human,True,49,True,False,,9.53,False,0,none,3.6,False,False,10.32
TKT-00310,USR-8343,2026-05-12 14:13:49,silver,account_access,medium,0.7275,True,escalated_to_human,True,44,True,True,21.97,22.71,False,0,none,4.4,False,False,33.2
TKT-00311,USR-8206,2026-04-01 05:38:57,bronze,technical_support,high,0.5906,True,ai_handled,True,6,False,False,,5.04,False,0,none,4.5,False,False,9.0
TKT-00312,USR-6596,2026-03-31 02:20:42,silver,technical_support,high,0.5956,True,ai_handled,False,2,False,False,,5.71,False,1,routing_failure,4.3,False,False,6.78
TKT-00313,USR-6801,2026-03-05 18:05:32,silver,billing,high,0.9031,True,ai_handled,True,6,False,False,,7.65,False,0,none,4.6,False,False,6.6
TKT-00314,USR-3806,2026-03-29 08:44:52,bronze,login,high,0.7921,True,ai_handled,True,11,False,False,,12.77,False,0,none,3.7,True,False,5.08
TKT-00315,USR-1537,2026-04-08 12:49:58,bronze,billing,low,0.6075,True,ai_handled,True,6,False,False,,8.29,False,0,none,4.4,False,False,5.91
TKT-00316,USR-6986,2026-04-14 15:00:07,gold,refund,low,0.4458,False,ai_handled,True,7,False,False,,18.09,False,0,none,3.5,False,False,7.16
TKT-00317,USR-2841,2026-05-02 17:51:28,gold,subscription_cancellation,high,0.6768,False,ai_handled,True,11,False,False,,22.56,False,0,none,3.5,False,False,5.82
TKT-00318,USR-9716,2026-03-03 20:26:29,bronze,billing,low,0.8328,True,ai_handled,True,5,False,False,,17.46,False,0,none,3.8,True,False,11.9
TKT-00319,USR-7971,2026-02-19 07:41:52,bronze,login,medium,0.7391,False,escalated_to_human,True,60,True,True,69.6,70.6,False,3,low_confidence,3.6,False,False,26.92
TKT-00320,USR-6625,2026-04-07 03:00:47,bronze,account_access,low,0.3588,True,ai_handled,True,7,False,False,,15.63,False,1,none,4.2,False,False,5.91
TKT-00321,USR-3950,2026-04-05 06:55:42,gold,account_access,critical,0.5852,True,ai_handled,True,6,False,False,,5.87,False,1,none,4.2,False,False,6.39
TKT-00322,USR-8992,2026-02-20 07:20:16,bronze,login,medium,0.8691,True,ai_handled,True,4,False,False,,27.61,False,2,low_confidence,4.5,False,False,9.11
TKT-00323,USR-5780,2026-05-16 10:40:10,bronze,billing,high,0.7264,True,escalated_to_human,True,18,True,True,52.42,52.72,False,3,low_confidence,3.9,True,False,22.18
TKT-00324,USR-3368,2026-03-09 22:12:36,gold,shipping,medium,0.6576,False,ai_handled,True,9,False,False,,21.04,False,0,none,3.4,False,False,11.04
TKT-00325,USR-7655,2026-05-06 03:03:53,bronze,login,high,0.6822,True,escalated_to_human,True,17,True,True,25.14,25.43,False,1,none,4.6,False,False,31.5
TKT-00326,USR-9173,2026-02-20 13:33:50,gold,billing,critical,0.5925,True,ai_handled,True,9,False,False,,16.02,False,0,none,4.1,False,False,6.73
TKT-00327,USR-5495,2026-03-11 10:43:36,bronze,shipping,medium,0.6771,True,ai_handled,True,15,False,False,,4.96,False,0,none,4.3,False,False,8.15
TKT-00328,USR-7002,2026-04-17 21:10:45,bronze,billing,medium,0.3658,True,escalated_to_human,True,43,True,True,40.98,41.7,False,1,none,4.4,False,False,32.54
TKT-00329,USR-7614,2026-04-11 15:50:18,bronze,billing,high,0.7569,False,escalated_to_human,True,42,True,True,21.22,21.92,False,1,none,3.8,False,False,23.89
TKT-00330,USR-6919,2026-03-07 00:13:14,gold,shipping,medium,0.8883,True,ai_handled,True,5,False,False,,11.01,True,1,hallucination,3.6,True,False,7.9
TKT-00331,USR-1853,2026-03-26 21:29:20,gold,billing,high,0.4374,False,ai_handled,True,4,False,False,,12.78,False,0,none,3.9,False,False,6.89
TKT-00332,USR-5146,2026-03-12 18:39:08,gold,login,medium,0.8993,True,ai_handled,True,5,False,False,,19.21,False,0,none,4.1,False,False,6.45
TKT-00333,USR-4769,2026-04-10 07:09:20,silver,account_access,low,0.6366,True,ai_handled,False,6,False,False,,18.5,False,0,routing_failure,4.8,False,False,9.58
TKT-00334,USR-1574,2026-05-12 19:09:28,gold,technical_support,medium,0.7338,True,escalated_to_human,True,36,True,True,68.21,68.81,False,0,none,4.3,False,False,29.99
TKT-00335,USR-2148,2026-03-28 15:08:18,bronze,refund,low,0.7049,True,ai_handled,True,17,False,False,,10.75,False,0,none,4.3,False,False,6.26
TKT-00336,USR-7293,2026-04-11 16:19:10,bronze,billing,low,0.669,True,ai_handled,True,5,False,False,,10.1,False,1,none,4.2,True,False,9.82
TKT-00337,USR-7457,2026-02-19 00:06:44,enterprise,billing,medium,0.7021,True,ai_handled,True,6,False,False,,20.38,False,1,none,4.4,False,False,8.96
TKT-00338,USR-8509,2026-05-13 21:51:43,bronze,account_access,critical,0.5473,False,escalated_to_human,True,64,True,True,34.42,35.49,False,2,low_confidence,3.6,True,False,18.53
TKT-00339,USR-5777,2026-04-16 16:26:30,bronze,account_access,medium,0.8053,True,ai_handled,False,9,False,False,,10.44,False,2,routing_failure,4.9,False,False,5.82
TKT-00340,USR-4854,2026-05-01 15:19:33,bronze,billing,critical,0.493,False,escalated_to_human,False,38,True,True,85.61,86.24,False,1,routing_failure,3.3,False,True,20.36
TKT-00341,USR-3491,2026-03-06 07:38:03,bronze,subscription_cancellation,medium,0.6437,True,ai_handled,True,13,False,False,,11.27,False,1,none,4.2,False,False,9.71
TKT-00342,USR-4124,2026-03-10 22:25:20,bronze,billing,low,0.7234,True,escalated_to_human,False,41,True,True,19.94,20.62,False,0,routing_failure,4.3,False,False,20.99
TKT-00343,USR-6691,2026-04-16 19:49:24,silver,login,medium,0.6889,False,ai_handled,False,2,False,False,,7.73,False,0,routing_failure,4.1,False,False,9.86
TKT-00344,USR-4051,2026-05-13 01:20:30,silver,account_access,medium,0.7511,True,escalated_to_human,True,40,True,True,25.12,25.78,False,0,none,3.9,False,False,29.78
TKT-00345,USR-1004,2026-03-17 23:55:17,enterprise,technical_support,medium,0.7564,True,escalated_to_human,True,42,True,True,31.1,31.8,False,0,none,3.8,False,False,31.62
TKT-00346,USR-6222,2026-04-12 12:18:10,gold,account_access,high,0.7816,True,escalated_to_human,True,48,True,True,113.03,113.83,False,0,none,3.8,False,True,24.76
TKT-00347,USR-6315,2026-03-27 23:52:20,bronze,technical_support,low,0.2596,True,ai_handled,True,2,False,False,,7.52,False,1,low_confidence,3.9,False,False,9.5
TKT-00348,USR-5869,2026-04-17 22:05:10,bronze,shipping,medium,0.7638,True,ai_handled,True,10,False,False,,13.64,False,1,none,3.9,True,False,7.67
TKT-00349,USR-1876,2026-04-30 01:20:36,silver,technical_support,high,0.7043,True,ai_handled,True,8,False,False,,8.22,False,0,none,4.4,False,False,11.7
TKT-00350,USR-8027,2026-05-05 03:15:00,silver,billing,low,0.4657,False,escalated_to_human,False,20,True,True,51.83,52.16,False,0,routing_failure,3.6,False,False,27.38
TKT-00351,USR-5142,2026-04-29 21:50:28,bronze,technical_support,low,0.6585,True,ai_handled,True,4,False,False,,4.92,False,2,low_confidence,3.9,False,False,11.74
TKT-00352,USR-7966,2026-04-20 17:41:29,silver,login,high,0.8301,True,ai_handled,True,4,False,False,,10.67,False,0,none,4.3,False,False,11.31
TKT-00353,USR-8079,2026-02-20 21:21:13,silver,technical_support,medium,0.3682,False,ai_handled,True,8,False,False,,10.85,False,1,none,4.0,False,False,6.89
TKT-00354,USR-8987,2026-04-04 14:40:18,silver,login,low,0.8501,True,ai_handled,False,5,False,False,,16.85,False,0,routing_failure,3.9,False,False,10.62
TKT-00355,USR-7799,2026-04-22 08:30:08,silver,account_access,critical,0.6855,True,escalated_to_human,False,45,True,True,143.25,144.0,False,0,routing_failure,4.1,False,True,34.42
TKT-00356,USR-5465,2026-04-02 06:38:12,bronze,login,low,0.828,True,ai_handled,True,2,False,False,,5.94,False,0,none,4.5,False,False,6.77
TKT-00357,USR-1635,2026-04-25 21:14:53,enterprise,technical_support,high,0.4051,True,escalated_to_human,True,54,True,True,67.44,68.34,True,0,hallucination,3.4,False,True,26.18
TKT-00358,USR-2693,2026-03-03 14:02:21,gold,billing,critical,0.671,False,ai_handled,True,3,False,False,,13.82,False,0,none,4.1,False,False,8.64
TKT-00359,USR-5752,2026-05-01 16:53:20,bronze,billing,low,0.4113,True,escalated_to_human,True,30,True,False,,13.72,False,1,low_confidence,4.9,False,False,7.06
TKT-00360,USR-9311,2026-04-06 00:47:46,gold,refund,medium,0.404,True,escalated_to_human,True,51,True,True,31.47,32.32,False,1,low_confidence,4.2,False,False,27.7
TKT-00361,USR-1830,2026-04-24 08:09:16,silver,billing,low,0.6697,False,ai_handled,True,11,False,False,,8.93,False,0,none,3.8,False,False,6.54
TKT-00362,USR-6177,2026-03-26 02:09:16,enterprise,technical_support,high,0.7151,True,ai_handled,True,2,False,False,,13.88,False,0,none,3.9,True,False,6.97
TKT-00363,USR-9932,2026-02-28 18:18:43,gold,refund,medium,0.7329,True,escalated_to_human,True,26,True,True,18.11,18.55,False,1,none,4.3,False,False,30.46
TKT-00364,USR-9308,2026-02-25 07:43:57,silver,subscription_cancellation,high,0.6911,True,ai_handled,True,10,False,False,,4.27,False,0,none,4.7,False,False,6.2
TKT-00365,USR-6949,2026-04-23 00:13:52,bronze,shipping,low,0.7294,True,ai_handled,True,15,False,False,,8.82,False,0,none,4.0,False,False,11.11
TKT-00366,USR-3838,2026-05-18 10:12:00,bronze,refund,medium,0.5775,False,escalated_to_human,True,43,True,True,10.0,10.72,False,1,none,3.6,False,False,22.25
TKT-00367,USR-2150,2026-04-16 15:46:47,silver,technical_support,critical,0.5167,True,ai_handled,True,9,False,False,,14.21,False,0,none,4.6,False,False,5.6
TKT-00368,USR-8560,2026-04-06 18:21:19,silver,account_access,high,0.7048,False,escalated_to_human,True,27,True,True,98.07,98.52,False,0,none,3.7,False,True,27.95
TKT-00369,USR-2931,2026-02-20 01:36:33,bronze,login,medium,0.6978,False,ai_handled,True,2,False,False,,7.67,False,0,none,3.7,False,False,9.58
TKT-00370,USR-2664,2026-03-27 19:51:55,bronze,login,low,0.8401,True,ai_handled,True,11,False,False,,9.04,False,2,low_confidence,4.5,False,False,11.69
TKT-00371,USR-2081,2026-04-14 09:37:34,gold,account_access,high,0.6755,False,escalated_to_human,True,44,True,True,44.8,45.53,False,1,none,3.6,True,False,23.33
TKT-00372,USR-1512,2026-03-04 17:41:27,enterprise,refund,high,0.7412,True,escalated_to_human,True,47,True,True,105.74,106.52,False,0,none,4.3,False,True,20.41
TKT-00373,USR-8805,2026-03-25 19:33:58,silver,subscription_cancellation,medium,0.8244,False,ai_handled,True,2,False,False,,9.89,False,1,none,3.8,False,False,11.49
TKT-00374,USR-6237,2026-05-12 02:06:17,bronze,subscription_cancellation,low,0.6263,True,ai_handled,True,10,False,False,,19.35,False,0,none,4.6,False,False,11.52
TKT-00375,USR-1559,2026-02-24 21:09:13,bronze,account_access,high,0.7357,True,ai_handled,True,15,False,False,,6.47,False,0,none,5.0,False,False,10.04
TKT-00376,USR-4672,2026-03-29 14:20:17,bronze,refund,medium,0.6498,True,ai_handled,False,9,False,False,,15.75,False,0,routing_failure,4.4,False,False,10.36
TKT-00377,USR-8404,2026-05-09 14:27:01,enterprise,account_access,medium,0.6941,True,ai_handled,True,9,False,False,,4.39,False,0,none,4.3,False,False,5.64
TKT-00378,USR-4343,2026-04-01 11:01:09,bronze,billing,low,0.5596,False,escalated_to_human,True,52,True,True,26.85,27.72,False,2,timeout,4.0,False,False,30.4
TKT-00379,USR-5070,2026-04-24 07:02:26,silver,billing,medium,0.5225,False,escalated_to_human,False,41,True,True,151.97,152.66,False,1,routing_failure,3.7,False,False,18.88
TKT-00380,USR-1580,2026-03-22 10:18:34,bronze,refund,high,0.7119,True,ai_handled,True,13,False,False,,33.28,False,0,none,4.9,False,False,6.27
TKT-00381,USR-8004,2026-04-16 12:01:53,silver,login,high,0.5238,True,escalated_to_human,True,60,True,True,26.63,27.63,False,3,low_confidence,4.3,False,False,32.67
TKT-00382,USR-9130,2026-03-21 18:29:31,gold,technical_support,high,0.5056,False,escalated_to_human,True,23,True,True,17.56,17.95,False,0,low_confidence,3.7,False,False,25.54
TKT-00383,USR-4147,2026-04-15 22:52:37,gold,account_access,low,0.4412,False,escalated_to_human,True,30,True,True,34.12,34.62,False,0,none,3.6,False,False,27.96
TKT-00384,USR-5249,2026-04-18 12:04:59,bronze,technical_support,medium,0.6669,False,ai_handled,True,3,False,False,,12.43,False,0,none,4.1,False,False,11.57
TKT-00385,USR-2679,2026-03-10 10:35:48,bronze,shipping,medium,0.8655,True,ai_handled,True,13,False,False,,17.61,False,1,none,4.5,False,False,6.3
TKT-00386,USR-4506,2026-03-16 17:31:09,bronze,shipping,low,0.655,False,escalated_to_human,False,50,True,True,107.47,108.3,False,1,routing_failure,3.7,False,False,33.39
TKT-00387,USR-8253,2026-05-12 04:49:33,enterprise,shipping,medium,0.7971,True,ai_handled,False,13,False,False,,13.47,False,0,routing_failure,4.4,False,False,11.96
TKT-00388,USR-3744,2026-03-30 21:04:58,enterprise,subscription_cancellation,critical,0.8259,True,ai_handled,True,7,False,False,,24.47,False,1,none,3.9,False,False,8.89
TKT-00389,USR-6188,2026-04-16 15:01:12,silver,billing,low,0.7763,True,ai_handled,True,2,False,False,,8.81,False,0,none,4.3,False,False,6.19
TKT-00390,USR-3141,2026-02-24 13:48:00,silver,technical_support,medium,0.5822,False,escalated_to_human,True,34,True,True,16.9,17.47,False,2,timeout,3.6,True,False,27.94
TKT-00391,USR-7617,2026-04-19 18:54:39,gold,login,medium,0.8381,True,ai_handled,False,5,False,False,,4.58,False,0,routing_failure,4.7,False,False,7.97
TKT-00392,USR-3479,2026-05-06 01:46:38,bronze,login,low,0.6721,True,ai_handled,False,10,False,False,,7.08,False,0,routing_failure,4.1,False,False,7.17
TKT-00393,USR-7484,2026-05-01 12:42:22,enterprise,account_access,medium,0.6608,True,ai_handled,True,8,False,False,,4.12,False,2,timeout,3.7,True,False,6.96
TKT-00394,USR-8421,2026-03-21 12:24:54,silver,login,critical,0.6939,False,ai_handled,True,2,False,False,,10.33,False,0,none,3.6,False,False,11.81
TKT-00395,USR-5452,2026-04-21 04:38:38,silver,technical_support,high,0.4399,False,escalated_to_human,True,61,True,True,35.76,36.78,False,0,low_confidence,3.5,False,False,31.62
TKT-00396,USR-6881,2026-05-02 19:58:28,silver,subscription_cancellation,critical,0.705,True,ai_handled,True,16,False,False,,13.05,False,0,none,4.6,False,False,10.13
TKT-00397,USR-7665,2026-04-18 02:35:00,bronze,shipping,medium,0.7882,True,escalated_to_human,True,42,True,True,41.0,41.7,False,2,timeout,4.7,False,False,21.38
TKT-00398,USR-3849,2026-03-25 06:34:53,bronze,refund,low,0.8513,True,ai_handled,True,7,False,False,,6.98,False,0,none,4.1,True,False,9.17
TKT-00399,USR-8390,2026-04-07 11:04:33,gold,account_access,high,0.6845,True,ai_handled,True,12,False,False,,10.87,False,0,none,4.6,False,False,11.41
TKT-00400,USR-7905,2026-03-08 18:07:06,bronze,subscription_cancellation,medium,0.7899,True,escalated_to_human,True,52,True,True,37.9,38.77,False,0,none,4.0,True,False,31.1
